title,link
Uruguay president-elect says Uruguay must respect diplomatic relationship with Venezuela,https://www.thestar.com.my/news/world/2024/11/28/uruguay-president-elect-says-uruguay-must-respect-diplomatic-relationship-with-venezuela
,https://www.thestar.com.my/news/world/2024/11/28/uruguay-president-elect-says-uruguay-must-respect-diplomatic-relationship-with-venezuela
Russia says Trump Ukraine aid cut would be 'death sentence' for Kyiv's military,https://www.thestar.com.my/news/world/2024/11/28/russia-says-trump-ukraine-aid-cut-would-be-039death-sentence039-for-kyiv039s-military
"2 killed, 25 injured as bus overturns in central Iran",https://www.thestar.com.my/news/world/2024/11/28/2-killed-25-injured-as-bus-overturns-in-central-iran
Soccer-Bayern apologise after fans display banner attacking PSG president,https://www.thestar.com.my/sport/football/2024/11/28/soccer-bayern-apologise-after-fans-display-banner-attacking-psg-president
Verdict due next March in Marine Le Pen's EU graft charges trial,https://www.thestar.com.my/news/world/2024/11/28/verdict-due-next-march-in-marine-le-pen039s-eu-graft-charges-trial
Soccer-Spain and Barca's Yamal wins 2024 Golden Boy award,https://www.thestar.com.my/sport/football/2024/11/28/soccer-spain-and-barca039s-yamal-wins-2024-golden-boy-award
African executives call for innovative health financing to address growing disease burden,https://www.thestar.com.my/news/world/2024/11/28/african-executives-call-for-innovative-health-financing-to-address-growing-disease-burden
Warehouse explosion kills 3 in SE Spain,https://www.thestar.com.my/news/world/2024/11/28/warehouse-explosion-kills-3-in-se-spain
Serbian court frees ex-minister detained over deadly roof collapse,https://www.thestar.com.my/news/world/2024/11/28/serbian-court-frees-ex-minister-detained-over-deadly-roof-collapse
Motor racing-Formula One to race on at Monza until 2031,https://www.thestar.com.my/sport/motorsport/2024/11/28/motor-racing-f1-to-race-at-monza-until-2031
South Africa warns travelers of rabies risks,https://www.thestar.com.my/news/world/2024/11/28/south-africa-warns-travelers-of-rabies-risks
"Boxing-Taiwan's Lin is eligible for event, says World Boxing",https://www.thestar.com.my/sport/boxing/2024/11/28/boxing-taiwan039s-lin-is-eligible-for-event-says-world-boxing
Americans not getting seasonal vaccines ahead of holidays: report,https://www.thestar.com.my/news/world/2024/11/28/americans-not-getting-seasonal-vaccines-ahead-of-holidays-report
"1 killed, 20 hospitalized after inhaling toxic fumes at pharma plant in India",https://www.thestar.com.my/news/world/2024/11/28/1-killed-20-hospitalized-after-inhaling-toxic-fumes-at-pharma-plant-in-india
"Trump cabinet picks targeted with bomb threats, 'swatting', spokesperson says",https://www.thestar.com.my/news/world/2024/11/28/trump-cabinet-nominees-targeted-with-bomb-threats-039swatting039-spokesperson-says
Customers quit luxury brands amid price hikes: consulting firm,https://www.thestar.com.my/news/world/2024/11/28/customers-quit-luxury-brands-amid-price-hikes-consulting-firm
China donates winter supplies to Palestinian children in West Bank camps,https://www.thestar.com.my/news/world/2024/11/28/china-donates-winter-supplies-to-palestinian-children-in-west-bank-camps
Soccer-Suarez signs on for another season at Inter Miami,https://www.thestar.com.my/sport/football/2024/11/28/soccer-suarez-signs-on-for-another-season-at-inter-miami
"Latest forecast calls for snow, rain, cold in U.S. during Thanksgiving holiday",https://www.thestar.com.my/news/world/2024/11/28/latest-forecast-calls-for-snow-rain-cold-in-us-during-thanksgiving-holiday
Inter Miami re-sign striker Luis Suarez for 2025 season,https://www.thestar.com.my/sport/football/2024/11/28/inter-miami-re-sign-striker-luis-suarez-for-2025-season
2,https://www.thestar.com.my/news/latest?pgno=2#Latest
3,https://www.thestar.com.my/news/latest?pgno=3#Latest
4,https://www.thestar.com.my/news/latest?pgno=4#Latest
5,https://www.thestar.com.my/news/latest?pgno=5#Latest
6,https://www.thestar.com.my/news/latest?pgno=6#Latest
24,https://www.thestar.com.my/news/latest?pgno=24#Latest
25,https://www.thestar.com.my/news/latest?pgno=25#Latest
»,https://www.thestar.com.my/news/latest?pgno=6#Latest
"News Analysis - Is there a better, more holistic way to track the health of Singapore’s MRT system?",https://www.thestar.com.my/aseanplus/aseanplus-news/2024/11/27/news-analysis---is-there-a-better-more-holistic-way-to-track-the-health-of-singapores-mrt-system
Malaysian Defence Ministry transfers care for 128 Palestinians to Ops Ihsan,https://www.thestar.com.my/news/nation/2024/11/27/malaysian-defence-ministry-transfers-care-for-128-palestinians-to-ops-ihsan
"91.6% of Facebook content removed linked to gambling, scams",https://www.thestar.com.my/news/nation/2024/11/27/916-of-facebook-content-removed-linked-to-gambling-scams
"'Horrifying and concerning': DNB's dealings a mystery when I became minister, says Fahmi",https://www.thestar.com.my/news/nation/2024/11/27/039horrifying-and-concerning039-dnb039s-dealings-a-mystery-when-i-became-minister-says-fahmi
Factbox-The Rohingya exodus and ICC prosecutor's pursuit of Myanmar's top general,https://www.thestar.com.my/news/world/2024/11/27/factbox-the-rohingya-exodus-and-icc-prosecutor039s-pursuit-of-myanmar039s-top-general
Motion to gazette Orang Asli villages supported at Selangor state assembly,https://www.thestar.com.my/metro/metro-news/2024/11/27/motion-to-gazette-orang-asli-villages-supported-at-selangor-state-assembly
Japanese prosecutor apologises to Hakamada after acquittal,https://www.thestar.com.my/aseanplus/aseanplus-news/2024/11/27/japanese-prosecutor-apologises-to-hakamada-after-acquittal
"Soccer-FIFA launches 2022 World Cup legacy fund for initiatives with WHO, WTO and UNHCR",https://www.thestar.com.my/sport/football/2024/11/27/soccer-fifa-launches-2022-world-cup-legacy-fund-for-initiatives-with-who-wto-and-unhcr
Russia warns US against 'spiral of escalation' but says it will keep channels open,https://www.thestar.com.my/news/world/2024/11/27/russia-warns-us-against-039spiral-of-escalation039-but-says-it-will-keep-channels-open
"Premier League obtains Singapore court order to block 50 websites, apps showing matches illegally",https://www.thestar.com.my/aseanplus/aseanplus-news/2024/11/27/premier-league-obtains-singapore-court-order-to-block-50-websites-apps-showing-matches-illegally
"TVB actor Tai Yiu-ming washes dishes and waits tables in HK, earns up to RM228 a day",https://www.thestar.com.my/lifestyle/entertainment/2024/11/27/tvb-actor-tai-yiu-ming-washes-dishes-and-waits-tables-in-hk-earns-up-to-rm228-a-day
"Toxic air in Hanoi slashes incomes, increases health risks",https://www.thestar.com.my/aseanplus/aseanplus-news/2024/11/27/toxic-air-in-hanoi-slashes-incomes-increases-health-risks
Singer's son and friend charged with theft of businesswoman's Ferrari,https://www.thestar.com.my/news/nation/2024/11/27/singer039s-son-and-friend-charged-with-theft-of-businesswoman039s-ferrari
Soccer-Man City boss Guardiola clarifies comments after self-harm remark,https://www.thestar.com.my/sport/football/2024/11/27/soccer-man-city-boss-guardiola-clarifies-comments-after-self-harm-remark
Man who pleaded guilty to killing parents ordered to undergo mental evaluation,https://www.thestar.com.my/news/nation/2024/11/27/man-who-pleaded-guilty-to-killing-parents-ordered-to-undergo-mental-evaluation
"Jail for Singaporean man who conspired with son and brother to bribe director at zoo with over S$611, 000",https://www.thestar.com.my/aseanplus/aseanplus-news/2024/11/27/jail-for-singaporean-man-who-conspired-with-son-and-brother-to-bribe-director-at-zoo-with-over-s611-000
Russia expels German journalists in tit-for-tat move denied by Berlin,https://www.thestar.com.my/news/world/2024/11/27/russia-says-it-is-expelling-two-journalists-from-german-broadcaster-ard
"Local films like Abang Adik may get financial help to participate in international festivals, says Fahmi",https://www.thestar.com.my/news/nation/2024/11/27/local-films-like-abang-adik-may-get-financial-help-to-participate-in-international-festivals-says-fahmi
"New IAMM show explores how trade routes, Islam shaped region’s cultural legacy",https://www.thestar.com.my/lifestyle/culture/2024/11/27/new-iamm-show-explores-how-trade-routes-islam-shaped-regions-cultural-legacy
"Albanian opposition leader Berisha released from house arrest, court says",https://www.thestar.com.my/news/world/2024/11/27/albanian-opposition-leader-berisha-released-from-house-arrest-court-says
«,https://www.thestar.com.my/news/latest?pgno=1#Latest
1,https://www.thestar.com.my/news/latest?pgno=1#Latest
Vocational student murder: Judge warns families of accused against witness intimidation,https://www.thestar.com.my/news/nation/2024/11/27/vocational-student-murder-judge-warns-families-of-accused-against-witness-intimidation
"Cambodian PM Hun Manet rules out further zoning adjustments in Tonle Sap area, cites conservation",https://www.thestar.com.my/aseanplus/aseanplus-news/2024/11/27/cambodian-pm-hun-manet-rules-out-further-zoning-adjustments-in-tonle-sap-area-cites-conservation
"HP, Dell's weak forecasts spark share selloff, doubts over PC market recovery",https://www.thestar.com.my/tech/tech-news/2024/11/27/hp-dell039s-weak-forecasts-spark-share-selloff-doubts-over-pc-market-recovery
Teen Gambian migrant finds support and a father figure in Canary Islands,https://www.thestar.com.my/news/world/2024/11/27/teen-gambian-migrant-finds-support-and-a-father-figure-in-canary-islands
"Floods force Orang Asli in Gua Musang, villagers in Tanah Merah to evacuate",https://www.thestar.com.my/news/nation/2024/11/27/floods-force-orang-asli-in-gua-musang-villagers-in-tanah-merah-to-evacuate
"Policeman gets three years jail, RM80,000 fine for accepting bribes",https://www.thestar.com.my/news/nation/2024/11/27/policeman-gets-three-years-jail-rm80000-fine-for-accepting-bribes
Inari Amertron expects continued demand for advanced semiconductor packaging,https://www.thestar.com.my/business/business-news/2024/11/27/inari-amertron-expects-continued-demand-for-advanced-semiconductor-packaging
"Indonesian actor-director Baim Wong stays calm amid divorce drama, keeps in touch with Paula Verhoeven",https://www.thestar.com.my/lifestyle/entertainment/2024/11/27/indonesian-actor-director-baim-wong-stays-calm-amid-divorce-drama-keeps-in-touch-with-paula-verhoeven
Flash flood in KL causes traffic snarl on Jalan Kuching,https://www.thestar.com.my/metro/metro-news/2024/11/27/flash-flood-in-kl-causes-traffic-snarl-on-jalan-kuching
This 'yang kut teh' combines bak kut teh and China-style lamb brisket pot,https://www.thestar.com.my/lifestyle/living/2024/11/27/this-039yang-kut-teh039-combines-bak-kut-teh-and-china-style-lamb-brisket-pot
Standing more does not improve cardiovascular health,https://www.thestar.com.my/lifestyle/health/2024/11/27/standing-more-does-not-improve-cardiovascular-health
"Floods claim two lives, evacuee numbers soar in Kelantan, Terengganu",https://www.thestar.com.my/news/nation/2024/11/27/floods-claim-two-lives-evacuee-numbers-soar-in-kelantan-terengganu
LGMS to double workforce due to growing cybersecurity demand,https://www.thestar.com.my/business/business-news/2024/11/27/lgms-to-double-workforce-due-to-growing-cybersecurity-demand
Jailed Moscow politician urges end to Ukraine war at start of new terrorism trial,https://www.thestar.com.my/news/world/2024/11/27/jailed-moscow-politician-urges-end-to-ukraine-war-at-start-of-new-terrorism-trial
Flood: 20 water discharge channels opened in Sungai Golok,https://www.thestar.com.my/news/nation/2024/11/27/flood-20-water-discharge-channels-opened-in-sungai-golok
Soccer-Norgaard red card against Everton overturned on appeal,https://www.thestar.com.my/sport/football/2024/11/27/soccer-norgaard-red-card-against-everton-overturned-on-appeal
Poland detains German citizen for exporting dual-use goods to Russia,https://www.thestar.com.my/news/world/2024/11/27/poland-detains-german-citizen-for-exporting-dual-use-goods-to-russia
"Officers from Jertih, Besut Fire and Rescue stations recalled due to worsening floods",https://www.thestar.com.my/news/nation/2024/11/27/officers-from-jertih-besut-fire-and-rescue-stations-recalled-due-to-worsening-floods
Restricted airspace declared at Brunei's Sungai Akar Camp on Thursday (Nov 28),https://www.thestar.com.my/aseanplus/aseanplus-news/2024/11/27/restricted-airspace-declared-at-brunei039s-sungai-akar-camp-on-thursday-nov-28
Indonesian Ombudsman urges transparent probe of fatal Semarang shooting,https://www.thestar.com.my/aseanplus/aseanplus-news/2024/11/27/indonesian-ombudsman-urges-transparent-probe-of-fatal-semarang-shooting
"Customs dept seizes rice, liquor worth over RM2.09mil",https://www.thestar.com.my/news/nation/2024/11/27/customs-dept-seizes-rice-liquor-worth-over-rm209mil
Sailing-Simon breaks 600-mile mark in Vendee Globe,https://www.thestar.com.my/sport/others/2024/11/27/sailing-simon-breaks-600-mile-mark-in-vendee-globe
Mother appeals for daughter's rescue from human trafficking syndicate,https://www.thestar.com.my/news/nation/2024/11/27/mother-appeals-for-daughter039s-rescue-from-human-trafficking-syndicate
PM reaffirms Laos’ commitment to end violence against women,https://www.thestar.com.my/aseanplus/aseanplus-news/2024/11/27/pm-reaffirms-laos-commitment-to-end-violence-against-women
"Study required before implementing shorter work week in Perak, says Saarani",https://www.thestar.com.my/news/nation/2024/11/27/study-required-before-implementing-shorter-work-week-in-perak-says-saarani
Ringgit rises as Fed minutes signal US interest rate cuts ahead,https://www.thestar.com.my/business/business-news/2024/11/27/ringgit-rises-as-fed-minutes-signal-us-interest-rate-cuts-ahead
UK counter terrorism police arrest six over 'PKK activity',https://www.thestar.com.my/news/world/2024/11/27/uk-counter-terrorism-police-arrest-six-over-039pkk-activity039
"Riding boots are now a must-have style – and yes, even when not on horseback",https://www.thestar.com.my/lifestyle/style/2024/11/27/riding-boots-are-now-a-must-have-style---and-yes-even-when-not-on-horseback
Death of Army cadet undergoing officer training under investigation,https://www.thestar.com.my/news/2024/11/27/death-of-army-cadet-undergoing-officer-training-under-investigation
Romanian far-right presidential candidate says he does not want to leave NATO,https://www.thestar.com.my/news/world/2024/11/27/romanian-far-right-presidential-candidate-says-he-does-not-want-to-leave-nato
Tropicana posts RM877.8mil revenue in 9M,https://www.thestar.com.my/business/business-news/2024/11/27/tropicana039s-9m-net-loss-widens-to-rm42045mil-following-completion-of-property-divestment
"Transport infrastructure should remain above politics, says Transport Minister",https://www.thestar.com.my/news/nation/2024/11/27/transport-infrastructure-should-remain-above-politics-says-transport-minister
Philippine VP's bodyguards swapped out amid investigation,https://www.thestar.com.my/aseanplus/aseanplus-news/2024/11/27/philippine-vp039s-bodyguards-swapped-out-amid-investigation
Penang cops nab 11 members of organised crime in special ops,https://www.thestar.com.my/news/nation/2024/11/27/penang-cops-nab-11-members-of-organised-crime-in-special-ops
"1,000 Pakistan protesters arrested in pro-Khan capital march",https://www.thestar.com.my/aseanplus/aseanplus-news/2024/11/27/1000-pakistan-protesters-arrested-in-pro-khan-capital-march
Johor's civil service encouraged to sport traditional outfits weekly starting next year,https://www.thestar.com.my/news/nation/2024/11/27/johor039s-civil-service-encouraged-to-sport-traditional-outfits-weekly-starting-next-year
Magma posts net loss of RM2.89mil on one-off costs in 3Q,https://www.thestar.com.my/business/business-news/2024/11/27/magma-posts-net-loss-of-rm289mil-on-one-off-costs-in-3q
FGV's earnings bolstered by plantations division in 3Q,https://www.thestar.com.my/business/business-news/2024/11/27/fgv039s-earnings-bolstered-by-plantations-division-in-3q
"SRC Intl, Umno granted two-week extension to resolve RM19.5mil suit",https://www.thestar.com.my/news/nation/2024/11/27/src-intl-umno-granted-two-week-extension-to-resolve-rm195mil-suit
7,https://www.thestar.com.my/news/latest?pgno=7#Latest
Woman gets one month's jail for leaving children unsupervised for two days,https://www.thestar.com.my/news/nation/2024/11/27/woman-gets-one-month039s-jail-for-leaving-children-unsupervised-for-two-days
Belarus opposition leader urges people to avoid protesting against election,https://www.thestar.com.my/news/world/2024/11/27/belarus-opposition-leader-urges-people-to-shun-election-avoid-protesting
Drake accuses Spotify of artificially boosting Kendrick Lamar’s ‘Not Like Us’,https://www.thestar.com.my/lifestyle/entertainment/2024/11/27/drake-accuses-spotify-of-artificially-boosting-kendrick-lamars-not-like-us
Warisan rep ready to face action over 'punch',https://www.thestar.com.my/news/nation/2024/11/27/warisan-rep-ready-to-face-action-over-039punch039
"The year's best luxury hotel brands in the world, according to this organisation",https://www.thestar.com.my/lifestyle/travel/2024/11/27/the-year039s-best-luxury-hotel-brands-in-the-world-according-to-this-organisation
Bursa Malaysia ends higher as utility stocks rally,https://www.thestar.com.my/business/business-news/2024/11/27/bursa-malaysia-ends-higher-as-utility-stocks-rally
"Big Smile, No Teeth: It’s better now than it was in the 1990s",https://www.thestar.com.my/lifestyle/living/big-smile-no-teeth/2024/11/27/big-smile-no-teeth-its-better-now-than-it-was-in-the-1990s
IJM Corp expects more resilient outlook across segments,https://www.thestar.com.my/business/business-news/2024/11/27/ijm-corp-expects-more-resilient-outlook-across-segments
Transport Ministry open to idea of motorcycle e-hailing,https://www.thestar.com.my/news/nation/2024/11/27/transport-ministry-open-to-idea-of-motorcycle-e-hailing
World's captive panda population hits 757,https://www.thestar.com.my/aseanplus/aseanplus-news/2024/11/27/world039s-captive-panda-population-hits-757
"On EU 'no' vote anniversary, more Norwegians want to join bloc",https://www.thestar.com.my/news/world/2024/11/27/on-eu-039no039-vote-anniversary-more-norwegians-want-to-join-bloc
Dr M ready to 'mentor' anyone aspiring to be PM,https://www.thestar.com.my/news/nation/2024/11/27/dr-m-ready-to-039mentor039-anyone-aspiring-to-be-pm
Leon Fuat posts net profit of RM12.41mil in 9MFY24,https://www.thestar.com.my/business/business-news/2024/11/27/leon-fuat-posts-net-profit-of-rm1241mil-in-9mfy24
Floods: 16 evacuated from four villages in Kedah,https://www.thestar.com.my/news/nation/2024/11/27/floods-16-evacuated-from-four-villages-in-kedah
"Sri Lanka children missing in floods, likely cyclone approaches India",https://www.thestar.com.my/aseanplus/aseanplus-news/2024/11/27/sri-lanka-children-missing-in-floods-likely-cyclone-approaches-india
MRCB records jump in 3Q net profit to RM8.86mil,https://www.thestar.com.my/business/business-news/2024/11/27/mrcb-records-jump-in-3q-net-profit-to-rm886mil
Putatan flasher jailed six months for exposing himself to woman,https://www.thestar.com.my/news/nation/2024/11/27/putatan-flasher-jailed-six-months-for-exposing-himself-to-woman
MPs want harsher penalties on overloaded heavy vehicles,https://www.thestar.com.my/news/nation/2024/11/27/mps-want-harsher-penalties-on-overloaded-heavy-vehicles
"Selangor launches care economy policy, includes support for caregivers",https://www.thestar.com.my/metro/metro-news/2024/11/27/selangor-launches-care-economy-policy-includes-support-for-caregivers
Beyond Koh Lipe: Explore Satun’s pristine Koh Bulon islands,https://www.thestar.com.my/aseanplus/aseanplus-news/2024/11/27/beyond-koh-lipe-explore-satuns-pristine-koh-bulon-islands
8,https://www.thestar.com.my/news/latest?pgno=8#Latest
From Cambodia to Parliament: Dr Wee fulfils duty as MP shortly after trip abroad,https://www.thestar.com.my/news/nation/2024/11/27/from-cambodia-to-parliament-dr-wee-fulfils-duty-as-mp-shortly-after-trip-abroad
South Koreans oppose arms for Ukraine as envoy visits,https://www.thestar.com.my/news/world/2024/11/27/south-koreans-remain-opposed-to-sending-arms-to-ukraine
New mpox case detected in Malaysia,https://www.thestar.com.my/news/nation/2024/11/27/new-mpox-case-detected-in-malaysia
Selangor eyes RM6mil revenue collection increase through new van fleet,https://www.thestar.com.my/metro/metro-news/2024/11/27/selangor-eyes-rm6mil-revenue-collection-increase-through-new-van-fleet
Paramount expects satisfactory year on record property launches,https://www.thestar.com.my/business/business-news/2024/11/27/paramount-expects-satisfactory-year-on-record-property-launches
Fuel prices Nov 28 to Dec 4: Unchanged across the board,https://www.thestar.com.my/news/nation/2024/11/27/fuel-prices-nov-28-to-dec-4-unchanged-across-the-board
Top online education company CEO in South Korea under fire for comparing former student to sex worker,https://www.thestar.com.my/aseanplus/aseanplus-news/2024/11/27/top-online-education-company-ceo-in-south-korea-under-fire-for-comparing-former-student-to-sex-worker
Golf-Australian Open to tee off in Melbourne after stormy buildup,https://www.thestar.com.my/sport/golf/2024/11/27/golf-australian-open-to-tee-off-in-melbourne-after-stormy-buildup
Health Ministry to meet nurses' unions to discuss increase in working hours,https://www.thestar.com.my/news/nation/2024/11/27/health-ministry-to-meet-nurses039-unions-to-discuss-increase-in-working-hours
Soccer-FA investigating allegations referee discussed booking player before game,https://www.thestar.com.my/sport/football/2024/11/27/soccer-fa-investigating-allegations-referee-discussed-booking-player-before-game
"Who is Bushra Bibi, Pakistan ex-PM Imran Khan's wife leading protests?",https://www.thestar.com.my/news/world/2024/11/27/who-is-bushra-bibi-pakistan-ex-pm-imran-khan039s-wife-leading-protests
"Planned coastal road to Batu Ferringhi to be redesigned, says exco rep",https://www.thestar.com.my/news/nation/2024/11/27/planned-coastal-road-to-batu-ferringhi-to-be-redesigned-says-exco-rep
"Hybrid work won't become 'new normal' for M'sian employees, says MEF",https://www.thestar.com.my/news/nation/2024/11/27/hybrid-work-won039t-become-039new-normal039-for-m039sian-employees-says-mef
BYD asks suppliers to cut prices as China auto war intensifies,https://www.thestar.com.my/business/business-news/2024/11/27/byd-asks-suppliers-to-cut-prices-as-china-auto-war-intensifies
"QuickCheck: Did a clouded leopard attack pets, livestock in Kedah?",https://www.thestar.com.my/news/true-or-not/2024/11/27/quickcheck-did-a-clouded-leopard-attack-pets-livestock-in-kedah
"Singapore Airlines pilots forget to apply parking brake, plane rolls back at Delhi Airport, a cabin crew sustains injury",https://www.thestar.com.my/aseanplus/aseanplus-news/2024/11/27/singapore-airlines-pilots-forget-to-apply-parking-brake-plane-rolls-back-at-delhi-airport-a-cabin-crew-sustains-injury
Does your teen recognise AI? Do you?,https://www.thestar.com.my/tech/tech-news/2024/11/27/does-your-teen-recognise-ai-do-you
International criminal court prosecutor seeks arrest warrant for Myanmar military leader,https://www.thestar.com.my/news/world/2024/11/27/international-criminal-court-prosecutor-seeks-arrest-warrant-for-myanmar-military-leader
Georgian ruling party nominates hardline ex-soccer player for president,https://www.thestar.com.my/news/world/2024/11/27/georgian-ruling-party-nominates-hardline-ex-soccer-player-for-president
Delivery rider gets six years' jail for stabbing wife and son,https://www.thestar.com.my/news/nation/2024/11/27/delivery-rider-gets-six-years039-jail-for-stabbing-wife-and-son
9,https://www.thestar.com.my/news/latest?pgno=9#Latest
Worst November snowstorm in half century hits Seoul and grounds hundreds of flights,https://www.thestar.com.my/aseanplus/aseanplus-news/2024/11/27/worst-november-snowstorm-in-half-century-hits-seoul-and-grounds-hundreds-of-flights
"Mohd Irwan feeling vindicated, six years after CBT allegations emerged",https://www.thestar.com.my/news/nation/2024/11/27/mohd-irwan-feeling-vindicated-six-years-after-cbt-allegations-emerged
"At least S$40,000 lost to Netflix phishing scams in Singapore since October",https://www.thestar.com.my/tech/tech-news/2024/11/27/at-least-s40000-lost-to-netflix-phishing-scams-in-singapore-since-october
"Allowances given to GISB members who sign up for voluntary rehab, Dewan Rakyat told",https://www.thestar.com.my/news/nation/2024/11/27/allowances-given-to-gisb-members-who-sign-up-for-voluntary-rehab-dewan-rakyat-told
"Plan ahead but be ready to take risks to succeed, Fahmi advises the youth",https://www.thestar.com.my/news/nation/2024/11/27/plan-ahead-but-be-ready-to-take-risks-to-succeed-fahmi-advises-the-youth
Cricket-South Africa 80-4 after rain-affected first day v Sri Lanka,https://www.thestar.com.my/sport/cricket/2024/11/27/cricket-sri-lanka-opt-to-bowl-v-south-africa-in-first-test
Backbencher urges govt to step in over hike in health insurance premiums,https://www.thestar.com.my/news/nation/2024/11/27/backbencher-urges-govt-to-step-in-over-hike-in-health-insurance-premiums
"Russia is still working to deploy Sarmat intercontinental missile, TASS says",https://www.thestar.com.my/news/world/2024/11/27/russia-is-still-working-to-deploy-sarmat-intercontinental-missile-tass-says
"Three wounded in Russian drone attack on Ukraine's Kyiv, officials say",https://www.thestar.com.my/news/world/2024/11/27/three-wounded-in-russian-drone-attack-on-ukraine039s-kyiv-officials-say
"Sad but part of the job, says dropped Perlis exco member",https://www.thestar.com.my/news/nation/2024/11/27/sad-but-part-of-the-job-says-dropped-perlis-exco-member
"Air Selangor sees 12.5% increase in revenue, says MB",https://www.thestar.com.my/metro/metro-news/2024/11/27/air-selangor-see-125-increase-in-revenue-says-mb
"KL Experimental Film, Video & Music festival (KLEX) returns after four-year hiatus",https://www.thestar.com.my/lifestyle/culture/2024/11/27/kl-experimental-film-video--music-festival-klex-returns-after-four-year-hiatus
Cambodian govt extends property tax exemption for affordable homes until end of 2025,https://www.thestar.com.my/aseanplus/aseanplus-news/2024/11/27/cambodian-govt-extends-property-tax-exemption-for-affordable-homes-until-end-of-2025
AGC rejects one of PU Azman's legal representation on sexual assault charge,https://www.thestar.com.my/news/nation/2024/11/27/agc-rejects-one-of-pu-azman039s-legal-representation-on-sexual-assault-charge
"One in ten m-bikers riding around without licences, says Johor JPJ",https://www.thestar.com.my/news/nation/2024/11/27/one-in-ten-m-bikers-riding-around-without-licences-says-johor-jpj
"Asian stocks slide amid Trump tariff worries, yen gains",https://www.thestar.com.my/business/business-news/2024/11/27/asian-stocks-slide-amid-trump-tariff-worries-yen-gains
Brawner: It’s not true that I will take over VP Duterte’s security group,https://www.thestar.com.my/aseanplus/aseanplus-news/2024/11/27/brawner-its-not-true-that-i-will-take-over-vp-dutertes-security-group
Johor considering offering venues for 2027 SEA Games' football matches,https://www.thestar.com.my/news/nation/2024/11/27/johor-considering-offering-venues-for-2027-sea-games039-football-matches
Mali town at heart of July battle hit by disease and drone strikes,https://www.thestar.com.my/news/world/2024/11/27/mali-town-at-heart-of-july-battle-hit-by-disease-and-drone-strikes
"RM6.82mil given to 364 schools, churches and temples in northern Sabah",https://www.thestar.com.my/news/nation/2024/11/27/rm682mil-given-to-364-schools-churches-and-temples-in-northern-sabah
10,https://www.thestar.com.my/news/latest?pgno=10#Latest
11,https://www.thestar.com.my/news/latest?pgno=11#Latest
"Laos, US partner to expand access to justice for women and children",https://www.thestar.com.my/aseanplus/aseanplus-news/2024/11/27/laos-us-partner-to-expand-access-to-justice-for-women-and-children
Python captured in viral video one of the largest in Larut Matang Selama,https://www.thestar.com.my/news/nation/2024/11/27/python-captured-in-viral-video-one-of-the-largest-in-larut-matang-selama
Muhyiddin's sedition trial transferred to KL High Court,https://www.thestar.com.my/news/nation/2024/11/27/muhyiddin039s-sedition-trial-transferred-to-kl-high-court
"Zahid urges flood-prone communities to prioritise safety, follow guidelines",https://www.thestar.com.my/news/nation/2024/11/27/zahid-urges-flood-prone-communities-to-prioritise-safety-follow-guidelines
Beyond blue and pink: Do boys and girls engage differently by nature or norms?,https://www.thestar.com.my/lifestyle/family/2024/11/13/beyond-blue-and-pink-do-boys-and-girls-engage-differently-by-nature-or-norms
This Chinese humanoid robot is going open source,https://www.thestar.com.my/tech/tech-news/2024/11/27/this-chinese-humanoid-robot-is-going-open-source
Fashioned to order: How clothing customisation has become a big draw for men,https://www.thestar.com.my/lifestyle/style/2024/11/27/fashioned-to-order-how-clothing-customisation-has-become-a-big-draw-for-men
Police cordon Indian palace as rivalry between royal brothers spark clashes,https://www.thestar.com.my/aseanplus/aseanplus-news/2024/11/27/police-cordon-indian-palace-as-rivalry-between-royal-brothers-spark-clashes
Maybank Asset Management announces new new multi-asset solution,https://www.thestar.com.my/business/business-news/2024/11/27/maybank-asset-management-announces-new-new-multi-asset-solution
India suspends parliament again in row over U.S. action on Adani,https://www.thestar.com.my/news/world/2024/11/27/indian-parliament-suspended-again-in-row-over-us-accusations-against-adani
Young volunteers bring education to street kids in Yangon,https://www.thestar.com.my/aseanplus/aseanplus-news/2024/11/27/young-volunteers-bring-education-to-street-kids-in-yangon
Philippine VP accuses president of seeking her removal after police complaint,https://www.thestar.com.my/news/world/2024/11/27/philippine-police-file-formal-complaint-against-vp-duterte
"‘Don’t become cocky’, Jokowi warns eventual winners of regional polls",https://www.thestar.com.my/aseanplus/aseanplus-news/2024/11/27/dont-become-cocky-jokowi-warns-eventual-winners-of-regional-polls
Thai consumers reserve expensive coffees for special occasions as prices climb,https://www.thestar.com.my/aseanplus/aseanplus-news/2024/11/27/thai-consumers-reserve-expensive-coffees-for-special-occasions-as-prices-climb
Sister of Ulu Tiram attacker pleads not guilty to failing to provide info on terrorism ideology,https://www.thestar.com.my/news/nation/2024/11/27/sister-of-ulu-tiram-attacker-pleads-not-guilty-to-failing-to-provide-info-on-terrorism-ideology
ACE Market-bound Vanzo Holdings aims to raise RM14mil from IPO,https://www.thestar.com.my/business/business-news/2024/11/27/ace-market-bound-vanzo-holdings-aims-to-raise-rm14mil-from-ipo
"Study on direct disaster alert channel in final phase, says Fahmi",https://www.thestar.com.my/news/nation/2024/11/27/study-on-direct-disaster-alert-channel-in-final-phase-says-fahmi
'Economy Madani' framework at the heart of government's vision - Johan Mahmood,https://www.thestar.com.my/business/business-news/2024/11/27/039economy-madani039-framework-at-the-heart-of-government039s-vision---johan-mahmood
Nickel trading case: Prosecution says 947 invested S$1.46bil into scheme that was ‘fiction’,https://www.thestar.com.my/aseanplus/aseanplus-news/2024/11/27/nickel-trading-case-prosecution-says-947-invested-s146bil-into-scheme-that-was-fiction
Soccer-Bellingham willing to adapt to help Real find winning formula,https://www.thestar.com.my/sport/football/2024/11/27/soccer-bellingham-willing-to-adapt-to-help-real-find-winning-formula
12,https://www.thestar.com.my/news/latest?pgno=12#Latest
Sarawak to proceed with Year Six assessment exams next year,https://www.thestar.com.my/news/nation/2024/11/27/sarawak-to-proceed-with-year-six-assessment-exams-next-year
Myanmar's foreign trade exceeds US$15.4bil from April to October,https://www.thestar.com.my/aseanplus/aseanplus-news/2024/11/27/myanmar039s-foreign-trade-exceeds-us154bil-from-april-to-october
Jung Woo-sung's paternity reveal exposes where Korea stands on extramarital babies,https://www.thestar.com.my/lifestyle/entertainment/2024/11/27/jung-woo-sung039s-paternity-reveal-exposes-where-korea-stands-on-extramarital-babies
Former Malaysian firefighter sparks artistic journey with printmaking exhibition,https://www.thestar.com.my/lifestyle/culture/2024/11/26/a-former-firefighter-sparks-a-fresh-passion-in-printmaking-art
China's BRI injects vitality into millennia-old Silk Road: Cambodian senior minister,https://www.thestar.com.my/aseanplus/aseanplus-news/2024/11/27/china039s-bri-injects-vitality-into-millennia-old-silk-road-cambodian-senior-minister
"Food waste accounts for 40% of waste sent to Johor landfills, state assembly hears",https://www.thestar.com.my/news/nation/2024/11/27/food-waste-accounts-for-40-of-waste-sent-to-johor-landfills-state-assembly-hears
10 houses affected by floodwaters after continuous rain in Kedah,https://www.thestar.com.my/news/nation/2024/11/27/10-houses-affected-by-floodwaters-after-continuous-rain-in-kedah
"Poverty line income not sole measure for aid distribution, says Nancy Shukri",https://www.thestar.com.my/news/nation/2024/11/27/poverty-line-income-not-sole-measure-for-aid-distribution-says-nancy-shukri
Indonesian employers call for no changes to minimum wage setting,https://www.thestar.com.my/aseanplus/aseanplus-news/2024/11/27/indonesian-employers-call-for-no-changes-to-minimum-wage-setting
"Over 15,000 fraud cases probed in last two years, Dewan Rakyat told",https://www.thestar.com.my/news/nation/2024/11/27/over-15000-fraud-cases-probed-in-last-two-years-dewan-rakyat-told
AmBank CEO optimistic over progress in FY25,https://www.thestar.com.my/business/business-news/2024/11/27/ambank-ceo-optimistic-over-progress-in-fy25
Supporters of jailed ex-PM Khan cleared from Pakistan capital's centre,https://www.thestar.com.my/aseanplus/aseanplus-news/2024/11/27/supporters-of-jailed-ex-pm-khan-cleared-from-pakistan-capital039s-centre
Brunei launches new marine services during Maritime Week,https://www.thestar.com.my/aseanplus/aseanplus-news/2024/11/27/brunei-launches-new-marine-services-during-maritime-week
"OpenAI allows employees to sell $1.5 billion stock to SoftBank, sources say",https://www.thestar.com.my/tech/tech-news/2024/11/27/openai-allows-employees-to-sell-15-billion-stock-to-softbank-cnbc-reports
Higher Edu Ministry waiting for reports on UiTM cadet’s death,https://www.thestar.com.my/news/nation/2024/11/27/higher-edu-ministry-waiting-for-reports-on-uitm-cadets-death
Bursa Malaysia maintains upward momentum amid mixed regional markets,https://www.thestar.com.my/business/business-news/2024/11/27/bursa-malaysia-maintains-upward-momentum-amid-mixed-regional-markets
Vietnam PM hopes US will recognise country as market economy,https://www.thestar.com.my/aseanplus/aseanplus-news/2024/11/27/vietnam-pm-hopes-us-will-recognise-country-as-market-economy
"Cricket-England know what they're doing with Bethell selection, says captain Stokes",https://www.thestar.com.my/sport/cricket/2024/11/27/cricket-england-know-what-they039re-doing-with-bethell-selection-says-captain-stokes
"PETRONAS Gas posts 3Q net profit of RM493.67mil, 18c div/share",https://www.thestar.com.my/business/business-news/2024/11/27/petronas-gas-posts-3q-net-profit-of-rm49367mil-18c-divshare
"Nearly 1,000 held in Pakistan after pro-Khan protests",https://www.thestar.com.my/news/world/2024/11/27/supporters-of-pakistan039s-imran-khan-call-off-protest-local-media-says
13,https://www.thestar.com.my/news/latest?pgno=13#Latest
"Ceasefire between Israel, Hezbollah takes effect",https://www.thestar.com.my/news/nation/2024/11/27/ceasefire-between-israel-hezbollah-takes-effect
Nine months’ jail for Singapore maid who beat dog which later died,https://www.thestar.com.my/aseanplus/aseanplus-news/2024/11/27/nine-months-jail-for-singapore-maid-who-beat-dog-which-later-died
"11 companies interested in setting up in Forest City SFZ, says MB",https://www.thestar.com.my/news/nation/2024/11/27/11-companies-interested-in-setting-up-in-forest-city-sfz-says-mb
"List of Sabah TYT candidates to be submitted to King soon, says Hajiji",https://www.thestar.com.my/news/nation/2024/11/27/list-of-sabah-tyt-candidates-to-be-submitted-to-king-soon-says-hajiji
Floods: Kota Baru mechanic suffers fatal electric shock at home,https://www.thestar.com.my/news/nation/2024/11/27/floods-kota-baru-mechanic-suffers-fatal-electric-shock-at-home
"To tackle plastic scourge, Philippines makes companies pay",https://www.thestar.com.my/aseanplus/aseanplus-news/2024/11/27/to-tackle-plastic-scourge-philippines-makes-companies-pay
Woman in cyanide poisoning case faces 14 new murder charges,https://www.thestar.com.my/aseanplus/aseanplus-news/2024/11/27/woman-in-cyanide-poisoning-case-faces-14-new-murder-charges
Vietnam PM urges US to lift some high-tech export restrictions,https://www.thestar.com.my/tech/tech-news/2024/11/27/vietnam-pm-urges-us-to-lift-some-high-tech-export-restrictions
Australian police officer who Tasered 95-year-old found guilty of manslaughter,https://www.thestar.com.my/news/world/2024/11/27/australian-police-officer-who-tasered-95-year-old-found-guilty-of-manslaughter
"Denzel Washington says drug, alcohol use led to 'a lot of damage'",https://www.thestar.com.my/lifestyle/entertainment/2024/11/25/denzel-washington-says-drug-alcohol-use-led-to-039a-lot-of-damage039
Huawei drops Android from gadgets next year in China tech pivot,https://www.thestar.com.my/tech/tech-news/2024/11/27/huawei-drops-android-from-gadgets-next-year-in-china-tech-pivot
"China's nine-dash line among areas of focus for M'sia as Asean chair in 2025, Dewan Rakyat told",https://www.thestar.com.my/news/nation/2024/11/27/china039s-nine-dash-line-among-areas-of-focus-for-m039sia-as-asean-chair-in-2025-dewan-rakyat-told
"Najib, Irwan Serigar granted DNAA in RM6.6bil CBT case",https://www.thestar.com.my/news/nation/2024/11/27/najib-irwan-serigar-granted-dnaa-in-rm66bil-cbt-case
Setiu fatal crash: Vegetable seller remanded until tomorrow,https://www.thestar.com.my/news/nation/2024/11/27/setiu-fatal-crash-vegetable-seller-remanded-until-tomorrow
Shoplot swindle: Accounts officer duped of RM210K in property scam,https://www.thestar.com.my/news/nation/2024/11/27/shoplot-swindle-accounts-officer-duped-of-rm210k-in-property-scam
"Dutch-adopted man revisits China family, tells adoptive father ‘You’ll always be my dad’",https://www.thestar.com.my/aseanplus/aseanplus-news/2024/11/27/dutch-adopted-man-revisits-china-family-tells-adoptive-father-youll-always-be-my-dad
Taiwan's Foxconn says global manufacturing footprint to shield it from Trump's tariffs,https://www.thestar.com.my/tech/tech-news/2024/11/27/taiwan039s-foxconn-says-global-manufacturing-footprint-to-shield-it-from-trump039s-tariffs
Asian markets mixed as traders eye fresh trade tensions,https://www.thestar.com.my/aseanplus/aseanplus-news/2024/11/27/asian-markets-mixed-as-traders-eye-fresh-trade-tensions
Floods: Elderly motorist drowns in Kapit,https://www.thestar.com.my/news/nation/2024/11/27/floods-elderly-motorist-drowns-in-kapit
K-pop star Psy’s home temporarily seized due to penalty arrears,https://www.thestar.com.my/aseanplus/aseanplus-news/2024/11/27/k-pop-star-psys-home-temporarily-seized-due-to-penalty-arrears
14,https://www.thestar.com.my/news/latest?pgno=14#Latest
15,https://www.thestar.com.my/news/latest?pgno=15#Latest
Best Actor nominee Jung Woo-sung may not attend film awards after love child revelation,https://www.thestar.com.my/lifestyle/entertainment/2024/11/27/best-actor-nominee-jung-woo-sung-may-not-attend-film-awards-after-love-child-revelation
"Nearly 34,000 xEVs sold in Malaysia so far this year, Dewan Rakyat told",https://www.thestar.com.my/news/nation/2024/11/27/nearly-34000-xevs-sold-in-malaysia-so-far-this-year-dewan-rakyat-told
"DID issues flood warning, 30 villages in Pasir Puteh expected to be inundated",https://www.thestar.com.my/news/nation/2024/11/27/did-issues-flood-warning-30-villages-in-pasir-puteh-expected-to-be-inundated
Go for a Muslim-friendly adventure in vibrant Taiwan,https://www.thestar.com.my/lifestyle/travel/2024/11/27/embark-on-a-muslim-friendly-adventure-in-vibrant-taiwan
Strong link between animal nutrition and human health,https://www.thestar.com.my/lifestyle/health/2024/11/27/strong-link-between-animal-nutrition-and-human-health
"UN head say social media, AI fuelling 'worst human impulses'",https://www.thestar.com.my/tech/tech-news/2024/11/27/un-head-say-social-media-ai-fuelling-039worst-human-impulses039
Oscars and our tale of brotherly love,https://www.thestar.com.my/opinion/columnists/so-aunty-so-what/2024/11/27/oscars-and-our-tale-of-brotherly-love
"Follow SOP of road repairs within 24 hours, state, local authorities told",https://www.thestar.com.my/news/nation/2024/11/27/state-local-authorities-must-follow-sop-of-repairing-roads-within-24-hours-says-ahmad-maslan
RM4.8mil in fines collected from overstaying foreigners under special Immigration initiative,https://www.thestar.com.my/news/nation/2024/11/27/rm48mil-in-fines-collected-from-overstaying-foreigners-under-special-immigration-initiative
"Healthcare delivery based on outcomes, not services, mooted to tackle rising costs",https://www.thestar.com.my/news/nation/2024/11/27/healthcare-delivery-based-on-outcomes-not-services-mooted-to-tackle-rising-costs
"Plaintiff in asset seizure case did not show a warrant to enter my home, says Datuk Vida",https://www.thestar.com.my/news/nation/2024/11/27/plaintiff-in-asset-seizure-case-did-not-show-a-warrant-to-enter-my-home-says-datuk-vida
Anti-death penalty Singapore group issued Pofma order over false claim about execution of three prisoners,https://www.thestar.com.my/aseanplus/aseanplus-news/2024/11/27/anti-death-penalty-singapore-group-issued-pofma-order-over-false-claim-about-execution-of-three-prisoners
KK City Hall collects 180kg of floating garbage at ferry terminal,https://www.thestar.com.my/news/nation/2024/11/27/kk-city-hall-collects-180kg-of-floating-garbage-at-ferry-terminal
"Beautician's dream turns nightmare after losing RM150,000 to scam",https://www.thestar.com.my/news/nation/2024/11/27/beautician039s-dream-turns-nightmare-after-losing-rm150000-to-scam
China investigates defence minister for corruption: Report,https://www.thestar.com.my/aseanplus/aseanplus-news/2024/11/27/china-investigates-defence-minister-for-corruption-report
"Cop who punched deaf e-hailing driver under disciplinary probe, Dewan Rakyat told",https://www.thestar.com.my/news/nation/2024/11/27/cop-who-punched-deaf-e-hailing-driver-under-disciplinary-probe-dewan-rakyat-told
Jakarta to pick new governor in early test for Prabowo,https://www.thestar.com.my/aseanplus/aseanplus-news/2024/11/27/jakarta-to-pick-new-governor-in-early-test-for-prabowo
"System to curb heavy vehicle overloading ready early next year, says Transport Ministry",https://www.thestar.com.my/news/nation/2024/11/27/system-to-curb-heavy-vehicle-overloading-ready-early-next-year-says-transport-ministry
Soccer-Leverkusen boss Alonso wants to help Wirtz shine more after huge Salzburg win,https://www.thestar.com.my/sport/football/2024/11/27/soccer-leverkusen-boss-alonso-wants-to-help-wirtz-shine-more-after-huge-salzburg-win
16,https://www.thestar.com.my/news/latest?pgno=16#Latest
"From emails to meetings, AI is helping young professionals simplify work tasks",https://www.thestar.com.my/tech/tech-news/2024/11/27/from-emails-to-meetings-ai-is-helping-young-professionals-simplify-work-tasks
People are paddling along the world's waterways picking up trash,https://www.thestar.com.my/lifestyle/people/2024/11/26/people-are-paddling-along-the-world039s-waterways-picking-up-trash
"New Zealand cuts cash rate by 50 bps, flags further easing",https://www.thestar.com.my/business/business-news/2024/11/27/new-zealand-cuts-cash-rate-by-50-bps-flags-further-easing
"UPNM bullying case: Five cadets expelled, ordered to pay compensation to govt",https://www.thestar.com.my/news/nation/2024/11/27/upnm-bullying-case-five-cadets-expelled-ordered-to-pay-compensation-to-govt
Cricket-New Zealand all-rounder Smith to debut against England,https://www.thestar.com.my/sport/cricket/2024/11/27/cricket-new-zealand-all-rounder-smith-to-debut-against-england
PAS Youth proposes Takiyuddin to replace Hamzah as new PN sec-gen,https://www.thestar.com.my/news/nation/2024/11/27/pas-youth-proposes-takiyuddin-to-replace-hamzah-as-new-pn-sec-gen
"KLCI remains ahead of 1,600 psychological level",https://www.thestar.com.my/business/business-news/2024/11/27/klci-remains-ahead-of-1600-psychological-level
Samsung Electronics changes chip chiefs after Chairman Lee confronts 'crisis',https://www.thestar.com.my/tech/tech-news/2024/11/27/samsung-elec-replaces-memory-and-foundry-business-heads-in-sweeping-reshuffle
Namibia votes for new president in most competitive election in decades,https://www.thestar.com.my/news/world/2024/11/27/namibia-votes-with-ruling-party-seeking-to-extend-34-year-rule
Dr Wee hopes GCET Summit will bring benefits to Malaysia,https://www.thestar.com.my/news/nation/2024/11/27/dr-wee-hopes-gcet-summit-will-bring-benefits-to-malaysia
Wall Street’s ETF crew ready to pounce in era of crypto 'degens',https://www.thestar.com.my/tech/tech-news/2024/11/27/wall-streets-etf-crew-ready-to-pounce-in-era-of-crypto-039degens039
Selangor princess gives K-pop star Mark Tuan of GOT7 a tour of state palace,https://www.thestar.com.my/lifestyle/entertainment/2024/11/27/selangor-princess-gives-k-pop-star-mark-tuan-of-got7-a-tour-of-state-palace
CrowdStrike raises annual forecast on steady cybersecurity demand,https://www.thestar.com.my/tech/tech-news/2024/11/27/crowdstrike-raises-annual-forecast-on-steady-cybersecurity-demand
Ringgit opens higher despite Fed caution over easing,https://www.thestar.com.my/business/business-news/2024/11/27/ringgit-opens-higher-despite-fed-caution-over-easing
A nationwide journey to energy literacy,https://www.thestar.com.my/starpicks/2024/11/27/a-nationwide-journey-to-energy-literacy
"Electric vehicle production efforts, GISB issue among Parliament highlights today",https://www.thestar.com.my/news/nation/2024/11/27/electric-vehicle-production-efforts-gisb-issue-among-parliament-highlights-today
Dell forecasts downbeat fourth-quarter revenue on PC weakness,https://www.thestar.com.my/tech/tech-news/2024/11/27/dell039s-third-quarter-revenue-misses-on-pc-weakness
HP forecasts Q1 profit below estimates on sluggish demand in PC market,https://www.thestar.com.my/tech/tech-news/2024/11/27/hp-forecasts-q1-profit-below-estimates-on-sluggish-demand-in-pc-market
"Trading ideas: IJM, Maxland, Winstar, RichTech, Maybank, Sunway, IOI, YTL, KLK, MAHB, TM, Greatech, LHI, Pharmaniaga, WCT",https://www.thestar.com.my/business/business-news/2024/11/27/trading-ideas-ijm-maxland-winstar-richtech-maybank-sunway-ioi-ytl-klk-mahb-tm-greatech-lhi-pharmaniaga-wct
Immigration Dept arrests 119 illegals in raid on Pandan Mewah apartment,https://www.thestar.com.my/news/nation/2024/11/27/immigration-dept-arrests-119-illegals-in-raid-on-pandan-mewah-apartment
17,https://www.thestar.com.my/news/latest?pgno=17#Latest
Israel and Lebanon's Hezbollah agree to a ceasefire after nearly 14 months of fighting,https://www.thestar.com.my/news/world/2024/11/27/israel-and-lebanon039s-hezbollah-agree-to-a-ceasefire-after-nearly-14-months-of-fighting
"Bitcoin options trade shows more bets on retreat after failing to breach $100,000",https://www.thestar.com.my/tech/tech-news/2024/11/27/bitcoin-options-trade-shows-more-bets-on-retreat-after-failing-to-breach-100000
QuickCheck: Did a popular fast-food chain create bubblegum flavoured broccoli?,https://www.thestar.com.my/news/true-or-not/2024/11/27/quickcheck-did-a-popular-fast-food-chain-create-bubblegum-flavoured-broccoli
"Opinion: It's the season for scams, so here's a piece of advice: Never do business with strangers",https://www.thestar.com.my/tech/tech-news/2024/11/27/column-it039s-the-season-for-scams-so-here039s-a-piece-of-advice-never-do-business-with-strangers
"US agency approves T-Mobile, SpaceX license to extend coverage to dead zones",https://www.thestar.com.my/tech/tech-news/2024/11/27/us-agency-approves-t-mobile-spacex-license-to-extend-coverage-to-dead-zones
"Soccer-Confidence fuels Atalanta's impressive form, says Gasperini",https://www.thestar.com.my/sport/football/2024/11/27/soccer-confidence-fuels-atalanta039s-impressive-form-says-gasperini
Soccer-City's Guardiola refuses to criticise players despite latest woeful display,https://www.thestar.com.my/sport/football/2024/11/27/soccer-city039s-guardiola-refuses-to-criticise-players-despite-latest-woeful-display
Soccer-Inzaghi satisfied after unconvincing Inter snatch 1-0 win over Leipzig,https://www.thestar.com.my/sport/football/2024/11/27/soccer-inzaghi-satisfied-after-unconvincing-inter-snatch-1-0-win-over-leipzig
Australia nears social media ban for children after heated debate,https://www.thestar.com.my/news/world/2024/11/27/australia-senate-committee-backs-bill-to-ban-social-media-for-children
US judge will not delay Google search trial for DOJ switch to Trump administration,https://www.thestar.com.my/tech/tech-news/2024/11/27/us-google-search-antitrust-trial-will-not-be-rescheduled-for-trump039s-doj-to-revise-proposals
Soccer-Elated Arteta revels in Arsenal’s thumping win at Sporting,https://www.thestar.com.my/sport/football/2024/11/27/soccer-elated-arteta-revels-in-arsenals-thumping-win-at-sporting
Soccer-Flick praises 'wonderful' Barca after 3-0 win over Brest,https://www.thestar.com.my/sport/football/2024/11/27/soccer-flick-praises-039wonderful039-barca-after-3-0-win-over-brest
Oil prices fall on Israel-Lebanon ceasefire deal,https://www.thestar.com.my/business/2024/11/27/oil-prices-fall-on-israel-lebanon-ceasefire-deal
Wall Street ends higher on tech stocks,https://www.thestar.com.my/business/2024/11/27/wall-street-ends-higher-on-tech-stocks
Musk uses X to push his preferred political picks. Trump isn't always swayed,https://www.thestar.com.my/tech/tech-news/2024/11/27/musk-uses-x-to-push-his-preferred-political-picks-trump-isn039t-always-swayed
NUJ: Harassment of journalists still prevalent,https://www.thestar.com.my/news/nation/2024/11/27/nuj-harassment-of-journalists-still-prevalent
Social media curbs ‘easier said than done’,https://www.thestar.com.my/news/nation/2024/11/27/social-media-curbs-easier-said-than-done
"Equal housing, inheritance rights upheld for same-sex couples",https://www.thestar.com.my/aseanplus/aseanplus-news/2024/11/27/equal-housing-inheritance-rights-upheld-for-same-sex-couples
Hundreds attend Hindraf rally anniversary,https://www.thestar.com.my/news/nation/2024/11/27/hundreds-attend-hindraf-rally-anniversary
Tiong: Multiple-language signs a boon for tourists,https://www.thestar.com.my/news/nation/2024/11/27/tiong-multiple-language-signs-a-boon-for-tourists
18,https://www.thestar.com.my/news/latest?pgno=18#Latest
Man gets two years for using fake RM100 note,https://www.thestar.com.my/news/nation/2024/11/27/man-gets-two-years-for-using-fake-rm100-note
PM: Speed up FA-50M deal,https://www.thestar.com.my/news/nation/2024/11/27/pm-speed-up-fa-50m-deal
Looking out for everyone,https://www.thestar.com.my/news/nation/2024/11/27/looking-out-for-everyone
Expats contribute RM75bil to GDP,https://www.thestar.com.my/news/nation/2024/11/27/expats-contribute-rm75bil-to-gdp
From darkest space to deepest ocean,https://www.thestar.com.my/news/environment/2024/11/27/from-darkest-space-to-deepest-ocean
Axelsen-Antonsen rivalry inspires Eogene to close big gap on his elite teammates,https://www.thestar.com.my/sport/badminton/2024/11/27/axelsen-antonsen-rivalry-inspires-eogene-to-close-big-gap-on-his-elite-teammates
Call for stricter penalties for wildlife-related collisions,https://www.thestar.com.my/opinion/letters/2024/11/27/call-for-stricter-penalties-for-wildlife-related-collisions
Losing world No. 1 spot hard for Wai Ching to stomach,https://www.thestar.com.my/sport/others/2024/11/27/losing-world-no-1-spot-hard-for-wai-ching-to-stomach
Higher entry fee for Mt Fuji climbers likely,https://www.thestar.com.my/aseanplus/aseanplus-news/2024/11/27/higher-entry-fee-for-mt-fuji-climbers-likely
Listen to the views of children,https://www.thestar.com.my/opinion/letters/2024/11/27/listen-to-the-views-of-children
Framing strategies to address age discrimination,https://www.thestar.com.my/opinion/letters/2024/11/27/framing-strategies-to-address-age-discrimination
Police clash with Imran’s supporters,https://www.thestar.com.my/aseanplus/aseanplus-news/2024/11/27/police-clash-with-imrans-supporters
"Boy raises over RM62,000 for NGO in honour of late dad",https://www.thestar.com.my/news/nation/2024/11/27/boy-raises-over-rm62000-for-ngo-in-honour-of-late-dad
HZ0 Fortis Racing team end Super Trofeo Asia season in style,https://www.thestar.com.my/sport/motorsport/2024/11/27/hz0-fortis-racing-team-end-super-trofeo-asia-season-in-style
Malay teen excels in Chinese school,https://www.thestar.com.my/news/nation/2024/11/27/malay-teen-excels-in-chinese-school
Geraldine grabs card for Taiwan LPGA Tour,https://www.thestar.com.my/sport/golf/2024/11/27/geraldine-grabs-card-for-taiwan-lpga-tour
M’sia to engage with East Asian nations,https://www.thestar.com.my/news/nation/2024/11/27/msia-to-engage-with-east-asian-nations
Nurqayyum delights Bryan after delivering long awaited medal in world juniors,https://www.thestar.com.my/sport/diving/2024/11/27/nurqayyum-delights-bryan-after-delivering-long-awaited-medal-in-world-juniors
‘Pastor’ charged with killing mum,https://www.thestar.com.my/news/nation/2024/11/27/pastor-charged-with-killing-mum
Aiming for less-stress learning,https://www.thestar.com.my/news/nation/2024/11/27/aiming-for-less-stress-learning
19,https://www.thestar.com.my/news/latest?pgno=19#Latest
20,https://www.thestar.com.my/news/latest?pgno=20#Latest
Relief for tense Turtles as key midfielder Tukhtasinov decides to stay on,https://www.thestar.com.my/sport/football/2024/11/27/relief-for-tense-turtles-as-key-midfielder-tukhtasinov-decides-to-stay-on
Tycoon loses defamation suit,https://www.thestar.com.my/news/nation/2024/11/27/tycoon-loses-defamation-suit
"Sounds like a scary Solo job, but Kim Swee will persist with Persis",https://www.thestar.com.my/sport/football/2024/11/27/sounds-like-a-scary-solo-job-but-kim-swee-will-persist-with-persis
The Malayan tiger roars into life,https://www.thestar.com.my/news/environment/2024/11/27/the-malayan-tiger-roars-into-life
Ex-bank chief gets suspended death sentence for graft,https://www.thestar.com.my/aseanplus/aseanplus-news/2024/11/27/ex-bank-chief-gets-suspended-death-sentence-for-graft
Bringing forests back to life again,https://www.thestar.com.my/news/nation/2024/11/27/bringing-forests-back-to-life-again
Sean left wishing his strike against Selangor had earned Pahang a win,https://www.thestar.com.my/sport/football/2024/11/27/sean-left-wishing-his-strike-against-selangor-had-earned-pahang-a-win
Syndicates turning scam victims into unwitting accomplices,https://www.thestar.com.my/news/nation/2024/11/27/syndicates-turning-scam-victims-into-unwitting-accomplices
"Rocket test site ablaze, none injured",https://www.thestar.com.my/aseanplus/aseanplus-news/2024/11/27/rocket-test-site-ablaze-none-injured
CELEBRATING DIVERSITY IN ACTION,https://www.thestar.com.my/news/nation/2024/11/27/celebrating-diversity-in-action
Bomba uses drones to help monitor water levels in Terengganu,https://www.thestar.com.my/news/nation/2024/11/27/bomba-uses-drones-to-help-monitor-water-levels-in-terengganu
VENTURING INTO NEW OPPORTUNITIES,https://www.thestar.com.my/news/nation/2024/11/27/venturing-into-new-opportunities
Data on floods soon to help home buyers,https://www.thestar.com.my/news/nation/2024/11/27/data-on-floods-soon-to-help-home-buyers
"Rebel army ready for dialogue with junta, with China’s help",https://www.thestar.com.my/aseanplus/aseanplus-news/2024/11/27/rebel-army-ready-for-dialogue-with-junta-with-chinas-help
Bermaz Auto’s distributorship for Deepal EVs not expected to move needle,https://www.thestar.com.my/business/business-news/2024/11/27/bermaz-autos-distributorship-for-deepal-evs-not-expected-to-move-needle
‘New Bangsa Johor syllabus to enhance national education’,https://www.thestar.com.my/news/nation/2024/11/27/new-bangsa-johor-syllabus-to-enhance-national-education
New hall for Indian arts and culture in Johor,https://www.thestar.com.my/metro/metro-news/2024/11/27/new-hall-for-indian-arts-and-culture-in-johor
Starbucks using pen and paper after vendor hack,https://www.thestar.com.my/business/business-news/2024/11/27/starbucks-using-pen-and-paper-after-vendor-hack
Pharmaniaga 3Q24 net profit at RM101mil,https://www.thestar.com.my/business/business-news/2024/11/27/pharmaniaga-3q24-net-profit-at-rm101mil
Wicked and Gladiator II rake in US$168mil,https://www.thestar.com.my/business/business-news/2024/11/27/wicked-and-gladiator-ii-rake-in-us168mil
21,https://www.thestar.com.my/news/latest?pgno=21#Latest
Fewer vagrants positive sign of state’s eradicating poverty pledge,https://www.thestar.com.my/metro/metro-news/2024/11/27/fewer-vagrants-positive-sign-of-states-eradicating-poverty-pledge
Untold potential in our children,https://www.thestar.com.my/metro/metro-news/2024/11/27/untold-potential-in-our-children
Tribunal orders company to repay paramedic officer in travel scam,https://www.thestar.com.my/metro/metro-news/2024/11/27/tribunal-orders-company-to-repay-paramedic-officer-in-travel-scam
Discarded paper made into a million exercise books,https://www.thestar.com.my/metro/metro-news/2024/11/27/discarded-paper-made-into-a-million-exercise-books
Peranakan heirlooms dazzle in debut book,https://www.thestar.com.my/metro/metro-news/2024/11/27/peranakan-heirlooms-dazzle-in-debut-book
University chancellor conferred fellowship for his contributions,https://www.thestar.com.my/metro/metro-news/2024/11/27/university-chancellor-conferred-fellowship-for-his-contributions
Opening the door to new connections in George Town,https://www.thestar.com.my/metro/metro-news/2024/11/27/opening-the-door-to-new-connections-in-george-town
Turkiye-inspired festive buffets,https://www.thestar.com.my/food/eating-out/2024/11/27/turkiye-inspired-festive-buffets
Sales gallery opens four months after land acquired,https://www.thestar.com.my/metro/metro-news/2024/11/27/sales-gallery-opens-four-months-after-land-acquired
Green light for Sarawak road project,https://www.thestar.com.my/metro/metro-news/2024/11/27/green-light-for-sarawak-road-project
TH Plantations achieves strong 3Q24 results,https://www.thestar.com.my/business/business-news/2024/11/27/th-plantations-achieves-strong-3q24-results
Fusion of old and new at Chinatown festival,https://www.thestar.com.my/metro/metro-news/2024/11/27/fusion-of-old-and-new-at-chinatown-festival
"Love Penang Run draws over 10,000 participants",https://www.thestar.com.my/metro/metro-news/2024/11/27/love-penang-run-draws-over-10000-participants
Sabak Bernam’s cockle seed numbers drop to zero,https://www.thestar.com.my/metro/metro-news/2024/11/27/sabak-bernams-cockle-seed-numbers-drop-to-zero
Fun run in support of spinal muscular atrophy patients,https://www.thestar.com.my/metro/metro-news/2024/11/27/fun-run-in-support-of-spinal-muscular-atrophy-patients
Better coordination to mitigate floods in Klang,https://www.thestar.com.my/metro/metro-news/2024/11/27/better-coordination-to-mitigate-floods-in-klang
"Reinstate one-way traffic flow at Jalan Jinjang, DBKL told",https://www.thestar.com.my/metro/metro-news/2024/11/27/reinstate-one-way-traffic-flow-at-jalan-jinjang-dbkl-told
Penang formulating action plan to achieve gender inclusiveness ideals,https://www.thestar.com.my/metro/metro-news/2024/11/27/penang-formulating-action-plan-to-achieve-gender-inclusiveness-ideals
Gaining strength to rebuild their lives,https://www.thestar.com.my/metro/metro-news/2024/11/27/gaining-strength-to-rebuild-their-lives
Do Java and Sumatra need more SEZs?,https://www.thestar.com.my/business/insight/2024/11/27/do-java-and-sumatra-need-more-sezs
22,https://www.thestar.com.my/news/latest?pgno=22#Latest
KLK 4Q profit plunges on RM180mil impairment,https://www.thestar.com.my/business/business-news/2024/11/27/klk-4q-profit-plunges-on-rm180mil-impairment
"Trump vows tariffs on China, Mexico, Canada",https://www.thestar.com.my/business/business-news/2024/11/27/trump-vows-tariffs-on-china-mexico-canada
Asean stock exchanges to work on centralised ESG data infrastructure,https://www.thestar.com.my/business/business-news/2024/11/27/asean-stock-exchanges-to-work-on-centralised-esg-data-infrastructure
Onus on banks to prevent misuse of green loans,https://www.thestar.com.my/business/business-news/2024/11/27/onus-on-banks-to-prevent-misuse-of-green-loans
Maybank posts strong nine-month performance,https://www.thestar.com.my/business/business-news/2024/11/27/maybank-posts-strong-nine-month-performance
More exit pathways needed for digital economy,https://www.thestar.com.my/business/business-news/2024/11/27/more-exit-pathways-needed-for-digital-economy
Is Hendrawan heading to Lion City to fill huge vacant spot?,https://www.thestar.com.my/sport/badminton/2024/11/27/is-hendrawan-heading-to-lion-city-to-fill-huge-vacant-spot
MAHB expects growth as FY24 comes to a close,https://www.thestar.com.my/business/business-news/2024/11/27/mahb-expects-growth-as-fy24-comes-to-a-close
RichTech inks underwriting deal with KAF,https://www.thestar.com.my/business/business-news/2024/11/27/richtech-inks-underwriting-deal-with-kaf
Malakoff’s profit in 3Q at RM59mil on cheaper coal,https://www.thestar.com.my/business/business-news/2024/11/27/malakoffs-profit-in-3q-at-rm59mil-on-cheaper-coal
IOI Corp 1Q25 profit surges on higher palm oil prices,https://www.thestar.com.my/business/business-news/2024/11/27/ioi-corp-1q25-profit-surges-on-higher-palm-oil-prices
TM registers stable nine-month performance,https://www.thestar.com.my/business/business-news/2024/11/27/tm-registers-stable-nine-month-performance
Sunway reports stellar performance for 3Q24,https://www.thestar.com.my/business/business-news/2024/11/27/sunway-reports-stellar-performance-for-3q24
IJM Land breaks ground on new London hotel,https://www.thestar.com.my/business/business-news/2024/11/27/ijm-land-breaks-ground-on-new-london-hotel
Grants to folk at 51 Sibu longhouses for festivities,https://www.thestar.com.my/metro/metro-news/2024/11/27/grants-to-folk-at-51-sibu-longhouses-for-festivities
Peru Congress removes mining minister as small miners snarl roadways,https://www.thestar.com.my/news/world/2024/11/27/peru039s-congress-removes-energy-and-mines-minister-amid-sector-protests
EU Commission issues autumn package to guide economic growth,https://www.thestar.com.my/news/world/2024/11/27/eu-commission-issues-autumn-package-to-guide-economic-growth
"Tons of meat, poultry products recalled in U.S. over listeria concerns",https://www.thestar.com.my/news/world/2024/11/27/tons-of-meat-poultry-products-recalled-in-us-over-listeria-concerns
Soccer-Battling Bayern edge 10-man PSG 1-0 thanks to Kim strike,https://www.thestar.com.my/sport/football/2024/11/27/soccer-battling-bayern-edge-10-man-psg-1-0-thanks-to-kim-strike
Soccer-Leverkusen romp to 5-0 win over Salzburg in Champions League,https://www.thestar.com.my/sport/football/2024/11/27/soccer-leverkusen-romp-to-5-0-win-over-salzburg-in-champions-league
23,https://www.thestar.com.my/news/latest?pgno=23#Latest
Soccer-Man City give up three-goal lead in 3-3 draw with Feyenoord,https://www.thestar.com.my/sport/football/2024/11/27/soccer-man-city-give-up-three-goal-lead-in-3-3-draw-with-feyenoord
Athletics-Boston Marathon organizers to pay athletes impacted by doping offenders,https://www.thestar.com.my/sport/athletics/2024/11/27/athletics-boston-marathon-organizers-to-pay-athletes-impacted-by-doping-offenders
Soccer-Leipzig own goal sends Inter top of Champions League,https://www.thestar.com.my/sport/football/2024/11/27/soccer-leipzig-own-goal-sends-inter-top-of-champions-league
Soccer-Outstanding Arsenal thump Sporting 5-1 in Lisbon,https://www.thestar.com.my/sport/football/2024/11/27/soccer-outstanding-arsenal-thump-sporting-5-1-in-lisbon
Soccer-Ton-up Lewandowski scores twice as Barca cruise to 3-0 win over Brest,https://www.thestar.com.my/sport/football/2024/11/27/soccer-lewandowski-double-helps-barca-to-3-0-win-over-brest-in-champions-league
Soccer-De Ketelaere steals the show as Atalanta run riot against Young Boys,https://www.thestar.com.my/sport/football/2024/11/27/soccer-de-ketelaere-steals-the-show-as-atalanta-run-riot-against-young-boys
Soccer-Simeone delighted with Atletico's 6-0 feast at Sparta Prague,https://www.thestar.com.my/sport/football/2024/11/27/soccer-simeone-delighted-with-atletico039s-6-0-feast-at-sparta-prague
Soccer-Milan boss Fonseca unhappy with defending after 3-2 win over Slovan,https://www.thestar.com.my/sport/football/2024/11/27/soccer-milan-boss-fonseca-unhappy-with-defending-after-3-2-win-over-slovan
Chinese automaker Dongfeng delivers first Box model to customer in Slovenia,https://www.thestar.com.my/news/world/2024/11/27/chinese-automaker-dongfeng-delivers-first-box-model-to-customer-in-slovenia
Intel awarded 7.865 bln USD CHIPS Act grant,https://www.thestar.com.my/news/world/2024/11/27/intel-awarded-7865-bln-usd-chips-act-grant
Danish central bank reports strong bank earnings amid rising risks,https://www.thestar.com.my/news/world/2024/11/27/danish-central-bank-reports-strong-bank-earnings-amid-rising-risks
U.S. stocks close higher,https://www.thestar.com.my/news/world/2024/11/27/us-stocks-close-higher
Global Media Congress kicks off in UAE,https://www.thestar.com.my/news/world/2024/11/27/global-media-congress-kicks-off-in-uae
Biathlon-Ustyugov stripped of Vancouver 2010 medals after doping ruling,https://www.thestar.com.my/sport/others/2024/11/27/biathlon-ustyugov-stripped-of-vancouver-2010-medals-after-doping-ruling
Soccer-Resurgent Girona aim to carry momentum into Champions League clash with Sturm Graz,https://www.thestar.com.my/sport/football/2024/11/27/soccer-resurgent-girona-aim-to-carry-momentum-into-champions-league-clash-with-sturm-graz
Chilean prosecutors probe sexual harassment complaint against president,https://www.thestar.com.my/news/world/2024/11/27/chilean-prosecutors-probe-sexual-harassment-complaint-against-president
Canada hints at fast-tracking refugee refusals,https://www.thestar.com.my/news/world/2024/11/27/canada-hints-at-fast-tracking-refugee-refusals
Interview: Devastating floods in Spain underscores urgency to address climate change -- expert,https://www.thestar.com.my/news/world/2024/11/27/interview-devastating-floods-in-spain-underscores-urgency-to-address-climate-change----expert
US most wanted terrorist since 2009 arrested in the UK,https://www.thestar.com.my/news/world/2024/11/27/us-most-wanted-terrorist-since-2009-arrested-in-the-uk
Crude futures settle lower,https://www.thestar.com.my/news/world/2024/11/27/crude-futures-settle-lower
Rugby-Ireland hit by injuries ahead of Australia test,https://www.thestar.com.my/sport/rugby/2024/11/27/rugby-ireland-hit-by-injuries-ahead-of-australia-test
Brazil police report: Bolsonaro directly involved in 2022 coup plot,https://www.thestar.com.my/news/world/2024/11/27/brazil039s-bolsonaro-had-direct-role-planning-coup-attempt-police-say
U.S. dollar ticks up,https://www.thestar.com.my/news/world/2024/11/27/us-dollar-ticks-up
Soccer-Milan overcome Slovan Bratislava in 3-2 win,https://www.thestar.com.my/sport/football/2024/11/27/soccer-milan-overcome-slovan-bratislava-in-3-2-win
Soccer-Alvarez and Correa double up to help Atletico thrash Sparta Prague 6-0,https://www.thestar.com.my/sport/football/2024/11/27/soccer-alvarez-and-correa-braces-help-atletico-thrash-sparta-prague-6-0
"Roundup: Severe weather challenges Americans amid ""busiest Thanksgiving ever""",https://www.thestar.com.my/news/world/2024/11/27/roundup-severe-weather-challenges-americans-amid-busiest-thanksgiving-ever
Poland will not support EU-Mercosur trade deal: Polish PM,https://www.thestar.com.my/news/world/2024/11/27/poland-will-not-support-eu-mercosur-trade-deal-polish-pm
"Soccer-Injuries give Real opportunity to become better, says Ancelotti",https://www.thestar.com.my/sport/football/2024/11/27/soccer-injuries-give-real-opportunity-to-become-better-says-ancelotti
Soccer-Sahin warns Dortmund must be ready for threat from Dinamo,https://www.thestar.com.my/sport/football/2024/11/27/soccer-sahin-warns-dortmund-must-be-ready-for-threat-from-dinamo
Iraq selects Vodafone for national 5G mobile license project,https://www.thestar.com.my/news/world/2024/11/27/iraq-selects-vodafone-for-national-5g-mobile-license-project
Saudi Arabia approves 2025 budget with deficit of 26.88 bln USD,https://www.thestar.com.my/news/world/2024/11/27/saudi-arabia-approves-2025-budget-with-deficit-of-2688-bln-usd
US Air Force says drones spotted over its military bases in England,https://www.thestar.com.my/news/world/2024/11/27/us-air-force-says-drones-spotted-over-its-military-bases-in-england
Americans having fewer children now than before: report,https://www.thestar.com.my/news/world/2024/11/27/americans-having-fewer-children-now-than-before-report
"Soccer-Juve must build on AC Milan draw when facing Emery's Villa, says Motta",https://www.thestar.com.my/sport/football/2024/11/27/soccer-juve-must-build-on-ac-milan-draw-when-facing-emery039s-villa-says-motta
"Albania police fire tear gas, water cannon at anti-government protesters",https://www.thestar.com.my/news/world/2024/11/27/albania-police-fire-tear-gas-water-cannon-at-anti-government-protesters
New U.S. drug causes 20 pct weigh loss in early results: report,https://www.thestar.com.my/news/world/2024/11/27/new-us-drug-causes-20-pct-weigh-loss-in-early-results-report
"Soccer-Argentine Mascherano named Inter Miami coach, reuniting him with Messi",https://www.thestar.com.my/sport/football/2024/11/27/soccer-argentine-mascherano-named-inter-miami-coach-reuniting-him-with-messi
"After long wrangling, Blinken to testify in Congress on Afghanistan",https://www.thestar.com.my/news/world/2024/11/27/after-long-wrangling-blinken-to-testify-in-congress-on-afghanistan
Huawei commits to shaping Malawi's digital future by investing in youth,https://www.thestar.com.my/news/world/2024/11/27/huawei-commits-to-shaping-malawi039s-digital-future-by-investing-in-youth
Intel rewarded 7.9 bln USD for U.S. chip-plant construction: WSJ,https://www.thestar.com.my/news/world/2024/11/27/intel-rewarded-79-bln-usd-for-us-chip-plant-construction-wsj
Qatar breaks ground for world's largest blue ammonia plant,https://www.thestar.com.my/news/world/2024/11/27/qatar-breaks-ground-for-world039s-largest-blue-ammonia-plant
"New Russian missile fired at Ukraine carried warheads without explosives, sources say",https://www.thestar.com.my/news/world/2024/11/27/new-russian-missile-fired-at-ukraine-carried-warheads-without-explosives-sources-say
Death toll rises to 29 in Tanzania's building collapse,https://www.thestar.com.my/news/world/2024/11/27/death-toll-rises-to-29-in-tanzania039s-building-collapse
"Russian shelling kills two in Ukraine's Sumy, President Zelenskiy says",https://www.thestar.com.my/news/world/2024/11/27/russian-shelling-kills-two-in-ukraine039s-sumy-president-zelenskiy-says
NATO reaffirms support for Ukraine following Russian ballistic missile launch,https://www.thestar.com.my/news/world/2024/11/27/nato-reaffirms-support-for-ukraine-following-russian-ballistic-missile-launch
Americans estimated to throw away 316 million pounds of food on Thanksgiving: ReFED,https://www.thestar.com.my/news/world/2024/11/27/americans-estimated-to-throw-away-316-million-pounds-of-food-on-thanksgiving-refed
California to provide rebates for zero-emission vehicles if federal tax credit eliminated by incoming Trump administration,https://www.thestar.com.my/news/world/2024/11/27/california-to-provide-rebates-for-zero-emission-vehicles-if-federal-tax-credit-eliminated-by-incoming-trump-administration
U.S. auto industry's shift toward EVs to go on despite Trump threat to kill tax credits: AP,https://www.thestar.com.my/news/world/2024/11/27/us-auto-industry039s-shift-toward-evs-to-go-on-despite-trump-threat-to-kill-tax-credits-ap
Kenya launches surveillance network to curb forest fires,https://www.thestar.com.my/news/world/2024/11/27/kenya-launches-surveillance-network-to-curb-forest-fires
Huawei launches phones that run on self-developed operating system,https://www.thestar.com.my/news/world/2024/11/27/huawei-launches-phones-that-run-on-self-developed-operating-system
Panchen Rinpoche concludes tour in Xizang,https://www.thestar.com.my/news/world/2024/11/27/panchen-rinpoche-concludes-tour-in-xizang
"Hong Kong rolls out blueprint to level up arts, culture, creative industries",https://www.thestar.com.my/news/world/2024/11/27/hong-kong-rolls-out-blueprint-to-level-up-arts-culture-creative-industries
"UN partners with Kenya to tackle malnutrition, boosting children's health",https://www.thestar.com.my/news/world/2024/11/27/un-partners-with-kenya-to-tackle-malnutrition-boosting-children039s-health
"Xinhua Asia-Pacific news summary at 1600 GMT, Nov. 26",https://www.thestar.com.my/news/world/2024/11/27/xinhua-asia-pacific-news-summary-at-1600-gmt-nov-26
Respecting OCM as the custodian of multi-sports Games in Malaysia,https://www.thestar.com.my/opinion/columnists/2024/11/25/respecting-ocm-as-the-custodian-of-multi-sports-games-in-malaysia
